Date,Name,Year,Letterboxd URI,Rating
2019-11-10,Joker,2019,https://letterboxd.com/film/joker-2019/,2
2019-11-12,Caddyshack,1980,https://letterboxd.com/film/caddyshack/,5
2019-11-12,Field of Dreams,1989,https://letterboxd.com/film/field-of-dreams/,5
2019-11-12,Se7en,1995,https://letterboxd.com/film/se7en/,5
2019-11-12,American Beauty,1999,https://letterboxd.com/film/american-beauty/,2.5
2019-11-12,Psycho,1960,https://letterboxd.com/film/psycho/,3
2019-11-12,Wall Street,1987,https://letterboxd.com/film/wall-street/,3
2019-11-12,Us,2019,https://letterboxd.com/film/us-2019/,3.5
2019-11-12,Dead Poets Society,1989,https://letterboxd.com/film/dead-poets-society/,4.5
2019-11-12,Patriot Games,1992,https://letterboxd.com/film/patriot-games/,2.5
2019-11-12,Signs,2002,https://letterboxd.com/film/signs/,2.5
2019-11-12,El Camino: A Breaking Bad Movie,2019,https://letterboxd.com/film/el-camino-a-breaking-bad-movie/,3
2019-11-12,Alien,1979,https://letterboxd.com/film/alien/,3
2019-11-12,Face/Off,1997,https://letterboxd.com/film/face-off/,2
2019-11-12,Schindler's List,1993,https://letterboxd.com/film/schindlers-list/,3.5
2019-11-12,Carrie,1976,https://letterboxd.com/film/carrie-1976/,2.5
2019-11-12,Between Two Ferns: The Movie,2019,https://letterboxd.com/film/between-two-ferns-the-movie/,3
2019-11-12,Spider-Man: Far from Home,2019,https://letterboxd.com/film/spider-man-far-from-home/,3.5
2019-11-12,Glengarry Glen Ross,1992,https://letterboxd.com/film/glengarry-glen-ross/,3.5
2019-11-12,Yesterday,2019,https://letterboxd.com/film/yesterday-2019/,2.5
2019-11-12,Jiro Dreams of Sushi,2011,https://letterboxd.com/film/jiro-dreams-of-sushi/,4
2019-11-12,Late Night,2019,https://letterboxd.com/film/late-night/,2
2019-11-12,Deliverance,1972,https://letterboxd.com/film/deliverance/,3.5
2019-11-12,The Rainmaker,1997,https://letterboxd.com/film/the-rainmaker-1997/,4
2019-11-12,Taxi Driver,1976,https://letterboxd.com/film/taxi-driver/,3.5
2019-11-12,Platoon,1986,https://letterboxd.com/film/platoon/,2.5
2019-11-12,The Hustle,2019,https://letterboxd.com/film/the-hustle-2019/,2
2019-11-12,Pokémon Detective Pikachu,2019,https://letterboxd.com/film/pokemon-detective-pikachu/,3
2019-11-12,Driven,2019,https://letterboxd.com/film/driven-2019/,2
2019-11-12,Long Shot,2019,https://letterboxd.com/film/long-shot-2019/,2
2019-11-12,Apollo 11,2019,https://letterboxd.com/film/apollo-11-2019/,3
2019-11-12,Booksmart,2019,https://letterboxd.com/film/booksmart/,4.5
2019-11-12,Perfect Bid: The Contestant Who Knew Too Much,2017,https://letterboxd.com/film/perfect-bid-the-contestant-who-knew-too-much/,2
2019-11-12,Avengers: Endgame,2019,https://letterboxd.com/film/avengers-endgame/,4
2019-11-12,The Dawn Wall,2017,https://letterboxd.com/film/the-dawn-wall/,3.5
2019-11-12,Triple Frontier,2019,https://letterboxd.com/film/triple-frontier/,1.5
2019-11-12,Captain Marvel,2019,https://letterboxd.com/film/captain-marvel/,3.5
2019-11-12,Colossal,2016,https://letterboxd.com/film/colossal-2016/,3
2019-11-12,First Man,2018,https://letterboxd.com/film/first-man/,3
2019-11-12,Free Solo,2018,https://letterboxd.com/film/free-solo/,4
2019-11-12,Bad Times at the El Royale,2018,https://letterboxd.com/film/bad-times-at-the-el-royale/,4
2019-11-12,The Ballad of Buster Scruggs,2018,https://letterboxd.com/film/the-ballad-of-buster-scruggs/,4
2019-11-12,Annihilation,2018,https://letterboxd.com/film/annihilation/,2.5
2019-11-12,Vice,2018,https://letterboxd.com/film/vice-2018/,3
2019-11-12,A Simple Favor,2018,https://letterboxd.com/film/a-simple-favor/,3.5
2019-11-12,Furious 7,2015,https://letterboxd.com/film/furious-7/,3
2019-11-12,Office Christmas Party,2016,https://letterboxd.com/film/office-christmas-party/,3
2019-11-12,Spider-Man: Into the Spider-Verse,2018,https://letterboxd.com/film/spider-man-into-the-spider-verse/,5
2019-11-12,"Game Over, Man!",2018,https://letterboxd.com/film/game-over-man/,3
2019-11-12,Roma,2018,https://letterboxd.com/film/roma-2018/,3.5
2019-11-12,Mission: Impossible - Fallout,2018,https://letterboxd.com/film/mission-impossible-fallout/,2.5
2019-11-12,Heat,1995,https://letterboxd.com/film/heat-1995/,3
2019-11-12,Bohemian Rhapsody,2018,https://letterboxd.com/film/bohemian-rhapsody/,3
2019-11-12,All the President's Men,1976,https://letterboxd.com/film/all-the-presidents-men/,4.5
2019-11-12,The Machinist,2004,https://letterboxd.com/film/the-machinist/,3.5
2019-11-12,12 Angry Men,1957,https://letterboxd.com/film/12-angry-men/,4
2019-11-12,The Spy Who Dumped Me,2018,https://letterboxd.com/film/the-spy-who-dumped-me/,1
2019-11-12,Sorry to Bother You,2018,https://letterboxd.com/film/sorry-to-bother-you/,3.5
2019-11-12,Eighth Grade,2018,https://letterboxd.com/film/eighth-grade/,4
2019-11-12,American Animals,2018,https://letterboxd.com/film/american-animals/,2.5
2019-11-12,Super Troopers 2,2018,https://letterboxd.com/film/super-troopers-2/,1
2019-11-12,Upgrade,2018,https://letterboxd.com/film/upgrade/,2.5
2019-11-12,Deadpool 2,2018,https://letterboxd.com/film/deadpool-2/,3.5
2019-11-12,To All the Boys I've Loved Before,2018,https://letterboxd.com/film/to-all-the-boys-ive-loved-before/,3
2019-11-12,Mississippi Grind,2015,https://letterboxd.com/film/mississippi-grind/,2.5
2019-11-12,Red Sparrow,2018,https://letterboxd.com/film/red-sparrow/,2.5
2019-11-12,Ready Player One,2018,https://letterboxd.com/film/ready-player-one/,3
2019-11-12,Rough Night,2017,https://letterboxd.com/film/rough-night/,2.5
2019-11-12,Baywatch,2017,https://letterboxd.com/film/baywatch/,2.5
2019-11-12,The Hitman's Bodyguard,2017,https://letterboxd.com/film/the-hitmans-bodyguard/,2.5
2019-11-12,Fahrenheit 451,2018,https://letterboxd.com/film/fahrenheit-451-2018/,2.5
2019-11-12,The Disaster Artist,2017,https://letterboxd.com/film/the-disaster-artist/,3
2019-11-12,American Assassin,2017,https://letterboxd.com/film/american-assassin/,2.5
2019-11-12,Avengers: Infinity War,2018,https://letterboxd.com/film/avengers-infinity-war/,4
2019-11-12,The Perfect Score,2004,https://letterboxd.com/film/the-perfect-score/,1
2019-11-12,The Greatest Showman,2017,https://letterboxd.com/film/the-greatest-showman/,3
2019-11-12,Molly's Game,2017,https://letterboxd.com/film/mollys-game/,4
2019-11-12,Black Panther,2018,https://letterboxd.com/film/black-panther-2018/,4.5
2019-11-12,When We First Met,2018,https://letterboxd.com/film/when-we-first-met/,2
2019-11-12,Oblivion,2013,https://letterboxd.com/film/oblivion-2013/,2.5
2019-11-12,Thor: Ragnarok,2017,https://letterboxd.com/film/thor-ragnarok/,2.5
2019-11-12,Call Me by Your Name,2017,https://letterboxd.com/film/call-me-by-your-name/,3.5
2019-11-12,Darkest Hour,2017,https://letterboxd.com/film/darkest-hour/,2.5
2019-11-12,"Three Billboards Outside Ebbing, Missouri",2017,https://letterboxd.com/film/three-billboards-outside-ebbing-missouri/,3.5
2019-11-12,Ghostbusters,2016,https://letterboxd.com/film/ghostbusters-2016/,2
2019-11-12,Blade Runner 2049,2017,https://letterboxd.com/film/blade-runner-2049/,1.5
2019-11-12,The Killing of a Sacred Deer,2017,https://letterboxd.com/film/the-killing-of-a-sacred-deer/,3.5
2019-11-12,The Room,2003,https://letterboxd.com/film/the-room/,2.5
2019-11-12,Ingrid Goes West,2017,https://letterboxd.com/film/ingrid-goes-west/,2.5
2019-11-12,mother!,2017,https://letterboxd.com/film/mother-2017/,3.5
2019-11-12,The Shape of Water,2017,https://letterboxd.com/film/the-shape-of-water/,1
2019-11-12,Everything or Nothing,2012,https://letterboxd.com/film/everything-or-nothing-2012/,2
2019-11-12,The Magnificent Seven,2016,https://letterboxd.com/film/the-magnificent-seven-2016/,2
2019-11-12,Moana,2016,https://letterboxd.com/film/moana-2016/,4
2019-11-12,Kong: Skull Island,2017,https://letterboxd.com/film/kong-skull-island/,3
2019-11-12,Curly Sue,1991,https://letterboxd.com/film/curly-sue/,2.5
2019-11-12,The Godfather: Part II,1974,https://letterboxd.com/film/the-godfather-part-ii/,2
2019-11-12,Spider-Man: Homecoming,2017,https://letterboxd.com/film/spider-man-homecoming/,3.5
2019-11-12,Wind River,2017,https://letterboxd.com/film/wind-river-2017/,3.5
2019-11-12,Nocturnal Animals,2016,https://letterboxd.com/film/nocturnal-animals/,3.5
2019-11-12,Girls Trip,2017,https://letterboxd.com/film/girls-trip/,3.5
2019-11-12,What We Do in the Shadows,2014,https://letterboxd.com/film/what-we-do-in-the-shadows/,3.5
2019-11-12,Fittest on Earth: A Decade of Fitness,2017,https://letterboxd.com/film/fittest-on-earth-a-decade-of-fitness/,3
2019-11-12,American Anarchist,2016,https://letterboxd.com/film/american-anarchist/,2.5
2019-11-12,Get Me Roger Stone,2017,https://letterboxd.com/film/get-me-roger-stone/,2.5
2019-11-12,The Babysitter,2017,https://letterboxd.com/film/the-babysitter-2017/,2
2019-11-12,The Cabin in the Woods,2011,https://letterboxd.com/film/the-cabin-in-the-woods/,3
2019-11-12,Cocaine Cowboys,2006,https://letterboxd.com/film/cocaine-cowboys/,2.5
2019-11-12,Circle,2015,https://letterboxd.com/film/circle-2015/,2
2019-11-12,The Big Sick,2017,https://letterboxd.com/film/the-big-sick/,3
2019-11-12,Money Monster,2016,https://letterboxd.com/film/money-monster/,3
2019-11-12,Nerve,2016,https://letterboxd.com/film/nerve-2016/,3
2019-11-12,Guardians of the Galaxy Vol. 2,2017,https://letterboxd.com/film/guardians-of-the-galaxy-vol-2/,3.5
2019-11-12,Dunkirk,2017,https://letterboxd.com/film/dunkirk-2017/,4
2019-11-12,Keeping Up with the Joneses,2016,https://letterboxd.com/film/keeping-up-with-the-joneses/,2.5
2019-11-12,Baby Driver,2017,https://letterboxd.com/film/baby-driver/,4.5
2019-11-12,War on Everyone,2016,https://letterboxd.com/film/war-on-everyone/,2.5
2019-11-12,Search Party,2014,https://letterboxd.com/film/search-party/,2.5
2019-11-12,Magnus,2016,https://letterboxd.com/film/magnus-2016/,2.5
2019-11-12,London Has Fallen,2016,https://letterboxd.com/film/london-has-fallen/,2.5
2019-11-12,Neighbors 2: Sorority Rising,2016,https://letterboxd.com/film/neighbors-2-sorority-rising/,2.5
2019-11-12,Suicide Squad,2016,https://letterboxd.com/film/suicide-squad-2016/,1
2019-11-12,Why Him?,2016,https://letterboxd.com/film/why-him/,3
2019-11-12,10 Cloverfield Lane,2016,https://letterboxd.com/film/10-cloverfield-lane/,3
2019-11-12,Doctor Strange,2016,https://letterboxd.com/film/doctor-strange-2016/,2.5
2019-11-12,Harriet the Spy,1996,https://letterboxd.com/film/harriet-the-spy/,2.5
2019-11-12,Operation Dumbo Drop,1995,https://letterboxd.com/film/operation-dumbo-drop/,2.5
2019-11-12,Man of the House,1995,https://letterboxd.com/film/man-of-the-house/,2.5
2019-11-12,A Kid in King Arthur's Court,1995,https://letterboxd.com/film/a-kid-in-king-arthurs-court/,2.5
2019-11-12,The Kid,2000,https://letterboxd.com/film/the-kid-2000/,2.5
2019-11-12,Get Out,2017,https://letterboxd.com/film/get-out-2017/,5
2019-11-12,Mike and Dave Need Wedding Dates,2016,https://letterboxd.com/film/mike-and-dave-need-wedding-dates/,4
2019-11-12,Hacksaw Ridge,2016,https://letterboxd.com/film/hacksaw-ridge/,2.5
2019-11-12,Zoolander 2,2016,https://letterboxd.com/film/zoolander-2/,1
2019-11-12,The Edge of Seventeen,2016,https://letterboxd.com/film/the-edge-of-seventeen/,3.5
2019-11-12,Central Intelligence,2016,https://letterboxd.com/film/central-intelligence/,2.5
2019-11-12,Lion,2016,https://letterboxd.com/film/lion/,3.5
2019-11-12,Keanu,2016,https://letterboxd.com/film/keanu/,3.5
2019-11-12,Hidden Figures,2016,https://letterboxd.com/film/hidden-figures/,4
2019-11-12,The Accountant,2016,https://letterboxd.com/film/the-accountant-2016/,3.5
2019-11-12,Moonlight,2016,https://letterboxd.com/film/moonlight-2016/,4
2019-11-12,One Flew Over the Cuckoo's Nest,1975,https://letterboxd.com/film/one-flew-over-the-cuckoos-nest/,4
2019-11-12,The Last Man on the Moon,2014,https://letterboxd.com/film/the-last-man-on-the-moon/,2.5
2019-11-12,Fences,2016,https://letterboxd.com/film/fences-2016/,2
2019-11-12,Whiskey Tango Foxtrot,2016,https://letterboxd.com/film/whiskey-tango-foxtrot/,2.5
2019-11-12,Fastball,2016,https://letterboxd.com/film/fastball/,2
2019-11-12,Minimalism: A Documentary About the Important Things,2015,https://letterboxd.com/film/minimalism-a-documentary-about-the-important-things/,2.5
2019-11-12,Rogue One: A Star Wars Story,2016,https://letterboxd.com/film/rogue-one-a-star-wars-story/,3
2019-11-12,La La Land,2016,https://letterboxd.com/film/la-la-land/,3
2019-11-12,Die Hard,1988,https://letterboxd.com/film/die-hard/,3.5
2019-11-12,Arrival,2016,https://letterboxd.com/film/arrival-2016/,3.5
2019-11-12,Going the Distance,2010,https://letterboxd.com/film/going-the-distance-2010/,2
2019-11-12,Valentine's Day,2010,https://letterboxd.com/film/valentines-day/,2
2019-11-12,Public Enemies,2009,https://letterboxd.com/film/public-enemies-2009/,2.5
2019-11-12,Away We Go,2009,https://letterboxd.com/film/away-we-go/,2.5
2019-11-12,Duplicity,2009,https://letterboxd.com/film/duplicity/,2.5
2019-11-12,Doubt,2008,https://letterboxd.com/film/doubt/,2.5
2019-11-12,Four Christmases,2008,https://letterboxd.com/film/four-christmases/,2.5
2019-11-12,Bolt,2008,https://letterboxd.com/film/bolt/,2.5
2019-11-12,Nick and Norah's Infinite Playlist,2008,https://letterboxd.com/film/nick-and-norahs-infinite-playlist/,2.5
2019-11-12,Superman Returns,2006,https://letterboxd.com/film/superman-returns/,2.5
2019-11-12,Hell or High Water,2016,https://letterboxd.com/film/hell-or-high-water/,4.5
2019-11-12,War Dogs,2016,https://letterboxd.com/film/war-dogs-2016/,3.5
2019-11-12,Everest,2015,https://letterboxd.com/film/everest-2015/,3.5
2019-11-12,Before the Flood,2016,https://letterboxd.com/film/before-the-flood-2016/,2.5
2019-11-12,The Stupids,1996,https://letterboxd.com/film/the-stupids/,2.5
2019-11-12,Carpool,1996,https://letterboxd.com/film/carpool/,4
2019-11-12,Ride Along 2,2016,https://letterboxd.com/film/ride-along-2/,3
2019-11-12,The Revenant,2015,https://letterboxd.com/film/the-revenant-2015/,3
2019-11-12,Steve Jobs,2015,https://letterboxd.com/film/steve-jobs/,3
2019-11-12,The Nice Guys,2016,https://letterboxd.com/film/the-nice-guys/,3.5
2019-11-12,The Fundamentals of Caring,2016,https://letterboxd.com/film/the-fundamentals-of-caring/,3.5
2019-11-12,13 Hours: The Secret Soldiers of Benghazi,2016,https://letterboxd.com/film/13-hours-the-secret-soldiers-of-benghazi/,3.5
2019-11-12,Zack and Miri Make a Porno,2008,https://letterboxd.com/film/zack-and-miri-make-a-porno/,3
2019-11-12,Tony Robbins: I Am Not Your Guru,2016,https://letterboxd.com/film/tony-robbins-i-am-not-your-guru/,3
2019-11-12,Jason Bourne,2016,https://letterboxd.com/film/jason-bourne/,3
2019-11-12,The Talented Mr. Ripley,1999,https://letterboxd.com/film/the-talented-mr-ripley/,3
2019-11-12,Swingers,1996,https://letterboxd.com/film/swingers/,3
2019-11-12,Ted 2,2015,https://letterboxd.com/film/ted-2/,2
2019-11-12,The Lobster,2015,https://letterboxd.com/film/the-lobster/,3.5
2019-11-12,Harry Potter and the Deathly Hallows: Part 1,2010,https://letterboxd.com/film/harry-potter-and-the-deathly-hallows-part-1/,2.5
2019-11-12,Harry Potter and the Order of the Phoenix,2007,https://letterboxd.com/film/harry-potter-and-the-order-of-the-phoenix/,2.5
2019-11-12,Harry Potter and the Half-Blood Prince,2009,https://letterboxd.com/film/harry-potter-and-the-half-blood-prince/,2.5
2019-11-12,Harry Potter and the Deathly Hallows: Part 2,2011,https://letterboxd.com/film/harry-potter-and-the-deathly-hallows-part-2/,2.5
2019-11-12,Harry Potter and the Prisoner of Azkaban,2004,https://letterboxd.com/film/harry-potter-and-the-prisoner-of-azkaban/,3
2019-11-12,Harry Potter and the Goblet of Fire,2005,https://letterboxd.com/film/harry-potter-and-the-goblet-of-fire/,3
2019-11-12,The Man from U.N.C.L.E.,2015,https://letterboxd.com/film/the-man-from-uncle/,3.5
2019-11-12,Everybody Wants Some!!,2016,https://letterboxd.com/film/everybody-wants-some/,2.5
2019-11-12,Jurassic World,2015,https://letterboxd.com/film/jurassic-world/,3
2019-11-12,The Princess Bride,1987,https://letterboxd.com/film/the-princess-bride/,3
2019-11-12,Lucy,2014,https://letterboxd.com/film/lucy-2014/,3
2019-11-12,Batman v Superman: Dawn of Justice,2016,https://letterboxd.com/film/batman-v-superman-dawn-of-justice/,1.5
2019-11-12,Kill Bill: Vol. 1,2003,https://letterboxd.com/film/kill-bill-vol-1/,2.5
2019-11-12,Scarface,1983,https://letterboxd.com/film/scarface-1983/,3
2019-11-12,Zodiac,2007,https://letterboxd.com/film/zodiac/,3.5
2019-11-12,Sisters,2015,https://letterboxd.com/film/sisters-2015/,2.5
2019-11-12,Bubble Boy,2001,https://letterboxd.com/film/bubble-boy/,1
2019-11-12,Love & Other Drugs,2010,https://letterboxd.com/film/love-other-drugs/,2
2019-11-12,"Crazy, Stupid, Love.",2011,https://letterboxd.com/film/crazy-stupid-love/,2.5
2019-11-12,Behind Enemy Lines,2001,https://letterboxd.com/film/behind-enemy-lines-2001/,3.5
2019-11-12,Marley & Me,2008,https://letterboxd.com/film/marley-me/,2.5
2019-11-12,Fantastic Mr. Fox,2009,https://letterboxd.com/film/fantastic-mr-fox/,2.5
2019-11-12,Whiplash,2014,https://letterboxd.com/film/whiplash-2014/,4.5
2019-11-12,Hall Pass,2011,https://letterboxd.com/film/hall-pass/,1.5
2019-11-12,The Internship,2013,https://letterboxd.com/film/the-internship/,1.5
2019-11-12,Miss Congeniality,2000,https://letterboxd.com/film/miss-congeniality/,2.5
2019-11-12,The Ugly Truth,2009,https://letterboxd.com/film/the-ugly-truth/,2.5
2019-11-12,The Notebook,2004,https://letterboxd.com/film/the-notebook/,2.5
2019-11-12,Deadpool,2016,https://letterboxd.com/film/deadpool/,3.5
2019-11-12,Rent-a-Kid,1995,https://letterboxd.com/film/rent-a-kid/,3.5
2019-11-12,Entourage,2015,https://letterboxd.com/film/entourage/,3
2019-11-12,Sicario,2015,https://letterboxd.com/film/sicario-2015/,4
2019-11-12,Straight Outta Compton,2015,https://letterboxd.com/film/straight-outta-compton/,4.5
2019-11-12,Harry Potter and the Chamber of Secrets,2002,https://letterboxd.com/film/harry-potter-and-the-chamber-of-secrets/,2.5
2019-11-12,Harry Potter and the Philosopher's Stone,2001,https://letterboxd.com/film/harry-potter-and-the-philosophers-stone/,2.5
2019-11-12,The Big Short,2015,https://letterboxd.com/film/the-big-short/,3.5
2019-11-12,The Hateful Eight,2015,https://letterboxd.com/film/the-hateful-eight/,1.5
2019-11-12,Room,2015,https://letterboxd.com/film/room-2015/,4
2019-11-12,Spotlight,2015,https://letterboxd.com/film/spotlight/,4
2019-11-12,Star Wars: The Force Awakens,2015,https://letterboxd.com/film/star-wars-the-force-awakens/,3.5
2019-11-12,The Equalizer,2014,https://letterboxd.com/film/the-equalizer/,3.5
2019-11-12,The Hunger Games: Mockingjay - Part 1,2014,https://letterboxd.com/film/the-hunger-games-mockingjay-part-1/,3.5
2019-11-12,The Hunger Games: Catching Fire,2013,https://letterboxd.com/film/the-hunger-games-catching-fire/,3.5
2019-11-12,Deuce Bigalow: Male Gigolo,1999,https://letterboxd.com/film/deuce-bigalow-male-gigolo/,2
2019-11-12,The Fighter,2010,https://letterboxd.com/film/the-fighter-2010/,3
2019-11-12,The Bounty Hunter,2010,https://letterboxd.com/film/the-bounty-hunter/,2
2019-11-12,Mr. & Mrs. Smith,2005,https://letterboxd.com/film/mr-mrs-smith-2005/,4
2019-11-12,Rent,2005,https://letterboxd.com/film/rent/,1
2019-11-12,Mighty Morphin Power Rangers: The Movie,1995,https://letterboxd.com/film/mighty-morphin-power-rangers-the-movie/,2.5
2019-11-12,The Life Aquatic with Steve Zissou,2004,https://letterboxd.com/film/the-life-aquatic-with-steve-zissou/,3.5
2019-11-12,Red Eye,2005,https://letterboxd.com/film/red-eye/,3.5
2019-11-12,Pay It Forward,2000,https://letterboxd.com/film/pay-it-forward/,3.5
2019-11-12,Mrs. Doubtfire,1993,https://letterboxd.com/film/mrs-doubtfire/,3
2019-11-12,Man of the Year,2006,https://letterboxd.com/film/man-of-the-year-2006/,1.5
2019-11-12,Let's Be Cops,2014,https://letterboxd.com/film/lets-be-cops/,2.5
2019-11-12,Legally Blonde,2001,https://letterboxd.com/film/legally-blonde/,3
2019-11-12,Tucker and Dale vs. Evil,2010,https://letterboxd.com/film/tucker-and-dale-vs-evil/,4
2019-11-12,Inside Out,2015,https://letterboxd.com/film/inside-out-2015/,4.5
2019-11-12,Good Burger,1997,https://letterboxd.com/film/good-burger/,3.5
2019-11-12,Ride Along,2014,https://letterboxd.com/film/ride-along/,3.5
2019-11-12,For Richer or Poorer,1997,https://letterboxd.com/film/for-richer-or-poorer/,2.5
2019-11-12,We Were Soldiers,2002,https://letterboxd.com/film/we-were-soldiers/,3
2019-11-12,Zoolander,2001,https://letterboxd.com/film/zoolander/,4
2019-11-12,Zombieland,2009,https://letterboxd.com/film/zombieland/,3
2019-11-12,Zero Dark Thirty,2012,https://letterboxd.com/film/zero-dark-thirty/,4.5
2019-11-12,Zenon: The Zequel,2001,https://letterboxd.com/film/zenon-the-zequel/,2.5
2019-11-12,Zenon: Girl of the 21st Century,1999,https://letterboxd.com/film/zenon-girl-of-the-21st-century/,3
2019-11-12,You've Got Mail,1998,https://letterboxd.com/film/youve-got-mail/,3
2019-11-12,"You, Me and Dupree",2006,https://letterboxd.com/film/you-me-and-dupree/,2.5
2019-11-12,Year One,2009,https://letterboxd.com/film/year-one/,1.5
2019-11-12,X-Men Origins: Wolverine,2009,https://letterboxd.com/film/x-men-origins-wolverine/,2
2019-11-12,X2,2003,https://letterboxd.com/film/x2/,2
2019-11-12,X-Men,2000,https://letterboxd.com/film/x-men/,2.5
2019-11-12,Winter's Bone,2010,https://letterboxd.com/film/winters-bone/,3.5
2019-11-12,Willy Wonka & the Chocolate Factory,1971,https://letterboxd.com/film/willy-wonka-the-chocolate-factory/,3.5
2019-11-12,White Christmas,1954,https://letterboxd.com/film/white-christmas/,2.5
2019-11-12,While We're Young,2014,https://letterboxd.com/film/while-were-young/,2.5
2019-11-12,Where the Wild Things Are,2009,https://letterboxd.com/film/where-the-wild-things-are/,3
2019-11-12,West Side Story,1961,https://letterboxd.com/film/west-side-story/,3
2019-11-12,Weekend at Bernie's,1989,https://letterboxd.com/film/weekend-at-bernies/,2.5
2019-11-12,Wedding Crashers,2005,https://letterboxd.com/film/wedding-crashers/,4
2019-11-12,We're the Millers,2013,https://letterboxd.com/film/were-the-millers/,4
2019-11-12,Wayne's World 2,1993,https://letterboxd.com/film/waynes-world-2/,2.5
2019-11-12,Wayne's World,1992,https://letterboxd.com/film/waynes-world/,3.5
2019-11-12,WarGames,1983,https://letterboxd.com/film/wargames/,2.5
2019-11-12,War of the Worlds,2005,https://letterboxd.com/film/war-of-the-worlds/,2.5
2019-11-12,War Horse,2011,https://letterboxd.com/film/war-horse/,2
2019-11-12,WALL·E,2008,https://letterboxd.com/film/walle/,4
2019-11-12,Vicky Cristina Barcelona,2008,https://letterboxd.com/film/vicky-cristina-barcelona/,4
2019-11-12,Walk the Line,2005,https://letterboxd.com/film/walk-the-line/,2.5
2019-11-12,Vegas Vacation,1997,https://letterboxd.com/film/vegas-vacation/,3.5
2019-11-12,V for Vendetta,2005,https://letterboxd.com/film/v-for-vendetta/,4
2019-11-12,U.S. Marshals,1998,https://letterboxd.com/film/us-marshals/,2.5
2019-11-12,"Up, Up, and Away",2000,https://letterboxd.com/film/film:97425/,1.5
2019-11-12,Up in the Air,2009,https://letterboxd.com/film/up-in-the-air/,3
2019-11-12,Up,2009,https://letterboxd.com/film/up/,4
2019-11-12,Underworld,2003,https://letterboxd.com/film/underworld-2003/,3.5
2019-11-12,True Grit,2010,https://letterboxd.com/film/true-grit-2010/,3.5
2019-11-12,Troy,2004,https://letterboxd.com/film/troy/,3
2019-11-12,Tropic Thunder,2008,https://letterboxd.com/film/tropic-thunder/,3.5
2019-11-12,TRON: Legacy,2010,https://letterboxd.com/film/tron-legacy/,2.5
2019-11-12,Transformers,2007,https://letterboxd.com/film/transformers/,3
2019-11-12,Training Day,2001,https://letterboxd.com/film/training-day/,3.5
2019-11-12,Toy Story 3,2010,https://letterboxd.com/film/toy-story-3/,4
2019-11-12,Toy Story 2,1999,https://letterboxd.com/film/toy-story-2/,3.5
2019-11-12,Toy Story,1995,https://letterboxd.com/film/toy-story/,4
2019-11-12,Top Gun,1986,https://letterboxd.com/film/top-gun/,4
2019-11-12,Tommy Boy,1995,https://letterboxd.com/film/tommy-boy/,4
2019-11-12,Titanic,1997,https://letterboxd.com/film/titanic-1997/,3.5
2019-11-12,Tin Cup,1996,https://letterboxd.com/film/tin-cup/,4
2019-11-12,Thor: The Dark World,2013,https://letterboxd.com/film/thor-the-dark-world/,2.5
2019-11-12,Thor,2011,https://letterboxd.com/film/thor/,3.5
2019-11-12,This Is the End,2013,https://letterboxd.com/film/this-is-the-end/,3.5
2019-11-12,This Is Spinal Tap,1984,https://letterboxd.com/film/this-is-spinal-tap/,4
2019-11-12,Thirteen,2003,https://letterboxd.com/film/thirteen/,3.5
2019-11-12,There's Something About Mary,1998,https://letterboxd.com/film/theres-something-about-mary/,3.5
2019-11-12,The Wrestler,2008,https://letterboxd.com/film/the-wrestler/,2.5
2019-11-12,The Wolf of Wall Street,2013,https://letterboxd.com/film/the-wolf-of-wall-street/,4
2019-11-12,The Wizard of Oz,1939,https://letterboxd.com/film/the-wizard-of-oz-1939/,3.5
2019-11-12,The Waterboy,1998,https://letterboxd.com/film/the-waterboy/,3
2019-11-12,The Usual Suspects,1995,https://letterboxd.com/film/the-usual-suspects/,4.5
2019-11-12,The Truman Show,1998,https://letterboxd.com/film/the-truman-show/,3.5
2019-11-12,The Town,2010,https://letterboxd.com/film/the-town/,4
2019-11-12,The Thirteenth Year,1999,https://letterboxd.com/film/the-thirteenth-year/,3.5
2019-11-12,The Theory of Everything,2014,https://letterboxd.com/film/the-theory-of-everything-2014/,4
2019-11-12,The Texas Chainsaw Massacre,2003,https://letterboxd.com/film/the-texas-chainsaw-massacre/,2.5
2019-11-12,The Sword in the Stone,1963,https://letterboxd.com/film/the-sword-in-the-stone/,2.5
2019-11-12,The Spectacular Now,2013,https://letterboxd.com/film/the-spectacular-now/,2.5
2019-11-12,The Social Network,2010,https://letterboxd.com/film/the-social-network/,4
2019-11-12,The Silence of the Lambs,1991,https://letterboxd.com/film/the-silence-of-the-lambs/,4
2019-11-12,The Short Game,2013,https://letterboxd.com/film/the-short-game/,2.5
2019-11-12,The Shining,1980,https://letterboxd.com/film/the-shining/,4
2019-11-12,The Shawshank Redemption,1994,https://letterboxd.com/film/the-shawshank-redemption/,4.5
2019-11-12,The Santa Clause,1994,https://letterboxd.com/film/the-santa-clause/,3.5
2019-11-12,The Sandlot,1993,https://letterboxd.com/film/the-sandlot/,4
2019-11-12,The Royal Tenenbaums,2001,https://letterboxd.com/film/the-royal-tenenbaums/,4
2019-11-12,The Rookie,2002,https://letterboxd.com/film/the-rookie-2002/,4
2019-11-12,The Rocketeer,1991,https://letterboxd.com/film/the-rocketeer/,2.5
2019-11-12,The Rock,1996,https://letterboxd.com/film/the-rock/,2.5
2019-11-12,The Rescuers Down Under,1990,https://letterboxd.com/film/the-rescuers-down-under/,2.5
2019-11-12,The Rescuers,1977,https://letterboxd.com/film/the-rescuers/,2.5
2019-11-12,The Replacements,2000,https://letterboxd.com/film/the-replacements/,3
2019-11-12,The Recruit,2003,https://letterboxd.com/film/the-recruit/,3
2019-11-12,The Proposal,2009,https://letterboxd.com/film/the-proposal-2009/,3.5
2019-11-12,The Prestige,2006,https://letterboxd.com/film/the-prestige/,4.5
2019-11-12,The Patriot,2000,https://letterboxd.com/film/the-patriot-2000/,4
2019-11-12,The Parent Trap,1998,https://letterboxd.com/film/the-parent-trap-1998/,3.5
2019-11-12,The Other Guys,2010,https://letterboxd.com/film/the-other-guys/,3
2019-11-12,The Omen,1976,https://letterboxd.com/film/the-omen/,3
2019-11-12,The Muppets,2011,https://letterboxd.com/film/the-muppets/,3
2019-11-12,The Muppet Christmas Carol,1992,https://letterboxd.com/film/the-muppet-christmas-carol/,4.5
2019-11-12,The Mummy,1999,https://letterboxd.com/film/the-mummy-1999/,3
2019-11-12,The Matrix Revolutions,2003,https://letterboxd.com/film/the-matrix-revolutions/,1.5
2019-11-12,The Matrix Reloaded,2003,https://letterboxd.com/film/the-matrix-reloaded/,1.5
2019-11-12,The Matrix,1999,https://letterboxd.com/film/the-matrix/,5
2019-11-12,The Master,2012,https://letterboxd.com/film/the-master-2012/,3
2019-11-12,The Mask of Zorro,1998,https://letterboxd.com/film/the-mask-of-zorro/,2.5
2019-11-12,The Mask,1994,https://letterboxd.com/film/the-mask-1994/,3
2019-11-12,The Luck of the Irish,2001,https://letterboxd.com/film/the-luck-of-the-irish/,3
2019-11-12,The Lord of the Rings: The Fellowship of the Ring,2001,https://letterboxd.com/film/the-lord-of-the-rings-the-fellowship-of-the-ring/,3.5
2019-11-12,The Longest Yard,2005,https://letterboxd.com/film/the-longest-yard-2005/,2.5
2019-11-12,The Little Mermaid,1989,https://letterboxd.com/film/the-little-mermaid/,2.5
2019-11-12,The Lion King,1994,https://letterboxd.com/film/the-lion-king/,4
2019-11-12,The Lincoln Lawyer,2011,https://letterboxd.com/film/the-lincoln-lawyer/,3
2019-11-12,The Legend of Bagger Vance,2000,https://letterboxd.com/film/the-legend-of-bagger-vance/,3.5
2019-11-12,The Ledge,2011,https://letterboxd.com/film/the-ledge/,2.5
2019-11-12,The Last of the Mohicans,1992,https://letterboxd.com/film/the-last-of-the-mohicans-1992/,1.5
2019-11-12,The King's Speech,2010,https://letterboxd.com/film/the-kings-speech/,3.5
2019-11-12,The Jungle Book,1967,https://letterboxd.com/film/the-jungle-book/,3
2019-11-12,The Italian Job,2003,https://letterboxd.com/film/the-italian-job-2003/,3.5
2019-11-12,The Right Stuff,1983,https://letterboxd.com/film/the-right-stuff/,4
2019-11-12,The Master of Disguise,2002,https://letterboxd.com/film/the-master-of-disguise/,3.5
2019-11-19,My Date with the President's Daughter,1998,https://letterboxd.com/film/my-date-with-the-presidents-daughter/,3
2019-11-19,Iron Will,1994,https://letterboxd.com/film/iron-will/,1.5
2019-11-19,Good Boys,2019,https://letterboxd.com/film/good-boys-2019/,3.5
